Rk,Squad,MP,W,D,L,GF,GA,GD,Pts,Pts/MP,xG,xGA,xGD,xGD/90,Attendance,Top Team Scorer,Goalkeeper,Notes,# Pl,90s,Cmp,Att,Cmp%,TotDist,PrgDist,Cmp.1,Att.1,Cmp%.1,Cmp.2,Att.2,Cmp%.2,Cmp.3,Att.3,Cmp%.3,Ast,xAG,xA,A-xAG,KP,01-Mar,PPA,CrsPA,PrgP,Live,Dead,FK,TB,Sw,Crs,TI,CK,In,Out,Str,Off,Blocks,SCA,SCA90,PassLive,PassDead,TO,Sh,Fld,Def,GCA,GCA90,PassLive.1,PassDead.1,TO.1,Sh.1,Fld.1,Def.1,Tkl,TklW,Def 3rd,Mid 3rd,Att 3rd,Tkl.1,Tkl%,Lost,Pass,Int,Tkl+Int,Clr,Err,Poss,Touches,Def Pen,Att Pen,Succ,Succ%,Tkld,Tkld%,Carries,PrgC,CPA,Mis,Dis,Rec,PrgR,HMP,HW,HD,HL,HGF,HGA,HGD,HPts,HPts/MP,HxG,HxGA,HxGD,HxGD/90,AMP,AW,AD,AL,AGF,AGA,AGD,APts,APts/MP,AxG,AxGA,AxGD,AxGD/90,Age,Min,Mn/MP,Min%,Starts,Mn/Start,Compl,Subs,Mn/Sub,unSub,PPM,onG,onGA,+/-,+/-90,onxG,onxGA,xG+/-,xG+/-90,CrdY,CrdR,2CrdY,Fls,PKwon,PKcon,OG,Recov,Won,Won%,Weekly Wages,Annual Wages,% Estimated,Gls,G+A,G-PK,PK,PKatt,npxG,npxG+xAG,Gls.1,Ast.1,G+A.1,G-PK.1,G+A-PK,xG.1,xAG.1,xG+xAG,npxG.1,npxG+xAG.1,GA90,SoTA,Saves,Save%,CS,CS%,PKA,PKsv,PKm,Save%.1,PSxG,PSxG/SoT,PSxG+/-,/90,Att (GK),Thr,Launch%,AvgLen,Launch%.1,AvgLen.1,Opp,Stp,Stp%,#OPA,#OPA/90,AvgDist,SoT,SoT%,Sh/90,SoT/90,G/Sh,G/SoT,Dist,npxG/Sh,G-xG,np:G-xG,Season
2,Manchester City,38,28,5,5,94,33,61,89,2.34,78.6,32.1,46.5,1.22,53249,Erling Haaland - 36,Ederson,→ Champions League via league finish,24,38,128,287,44.6,104099,56216,11020,181,92.7,9848,10836,90.9,1932,2849,67.8,69,57.5,57.6,11.5,464,754,445,75,2073,29885,1544,20,94,177,742,614,4,72,87,11,51,339,1099,28.92,826,81,53,590,384,14,168,4.42,130,7,8,9,12,2,471,272,7410,14372,8301,212,45.9,364,244,223,694,402,9,64.7,29895,2170,1277,336,47.7,239,33.9,19122,988,279,406,298,22992,2054,19,17,1,1,60,17,43,52,2.74,42.7,12.8,29.9,1.57,19,11,4,4,34,16,18,37,1.95,35.9,19.3,16.6,0.87,27.2,3420,90,100,38,84,294,123,19,219,2.34,94,33,61,1.61,78.6,32.1,46.5,1.22,44,1,0,347,9,3,1,1866,438,54.6,"£ 3,745,000 (€ 4,353,080, $4,759,922)","£ 194,740,000 (€ 226,360,165, $247,515,941)",13%,92,161,83,9,10,71.1,128.6,2.42,1.82,4.24,2.18,4,2.07,1.51,3.58,1.87,3.38,0.87,92,60,67.4,13,34.2,3,0,0,0,30.3,0.3,-1.7,-0.05,1242,163,18.9,28,28.7,30.4,312,20,6.4,40,1.05,15.7,205,34.7,15.53,5.39,0.14,0.4,16.6,0.12,13.4,11.9,2022/2023
6,Arsenal,38,26,6,6,88,43,45,84,2.21,71.7,42,29.7,0.78,60191,"Martin Ødegaard, Gabriel Martinelli - 15",Aaron Ramsdale,→ Champions League via league finish,26,38,109,429,25.4,84012,44202,8542,185,90.1,7825,8821,88.7,1454,2548,57.1,64,53.6,46.8,10.4,443,583,459,62,2049,25905,1620,16,86,97,674,615,6,154,8,3,56,362,1045,27.5,776,78,57,589,435,18,150,3.95,121,6,5,13,3,2,568,343,6632,11452,8015,249,48.9,559,276,237,805,599,23,59.3,25909,1994,1296,351,46.7,290,38.6,15924,824,281,526,378,18101,2024,19,14,3,2,53,25,28,45,2.37,42.5,19.2,23.3,1.23,19,12,3,4,35,18,17,39,2.05,29.1,22.7,6.4,0.34,24.7,3420,90,100,38,85,270,150,15,192,2.21,88,43,45,1.18,71.7,42,29.7,0.78,51,0,0,373,3,5,1,1984,486,46.5,"£ 1,955,000 (€ 2,272,436, $2,484,819)","£ 101,660,000 (€ 118,166,655, $129,210,591)",7%,84,148,81,3,4,68.9,122.5,2.21,1.68,3.89,2.13,3.82,1.89,1.41,3.3,1.81,3.22,1.13,136,94,70.6,14,36.8,3,0,2,0,40,0.28,-2,-0.05,924,174,36.6,33.3,49.2,42.8,381,22,5.8,43,1.13,16.1,194,32.9,15.5,5.11,0.14,0.42,16,0.12,12.3,12.1,2022/2023
1,Manchester Utd,38,23,6,9,58,43,15,75,1.97,67.7,50.4,17.3,0.45,73671,Marcus Rashford - 17,David de Gea,→ Champions League via league finish,26,38,141,449,31.4,70351,37126,8273,302,89,6359,7306,87,1438,2651,54.2,42,52.2,44.6,-10.2,478,515,398,57,1595,24844,1619,20,105,165,517,715,6,71,47,4,79,496,1051,27.66,840,58,46,590,297,9,99,2.61,79,3,8,5,4,0,657,400,8093,10389,6569,300,50,434,350,352,1009,771,11,53.7,24847,2639,1036,317,43.4,338,46.3,14245,711,239,497,293,16447,1578,19,15,3,1,36,10,26,48,2.53,40.9,19.4,21.5,1.13,19,8,3,8,22,33,-11,27,1.42,26.7,31,-4.3,-0.22,26.9,3420,90,100,38,83,269,149,19,192,1.97,58,43,15,0.39,67.7,50.4,17.3,0.45,78,2,0,424,2,3,1,2190,465,51.7,"£ 4,394,500 (€ 5,108,040, $5,585,441)","£ 228,514,000 (€ 265,618,093, $290,442,939)",18%,56,98,53,3,3,65.3,117.5,1.47,1.11,2.58,1.39,2.5,1.78,1.37,3.15,1.72,3.09,1.13,142,99,71.1,17,44.7,2,1,0,33.3,41.3,0.27,-0.7,-0.02,909,128,37,32.3,37.4,31.7,526,15,2.9,32,0.84,14.8,206,34.9,15.53,5.42,0.09,0.26,17.8,0.11,-11.7,-12.3,2022/2023
9,Newcastle Utd,38,19,14,5,68,33,35,71,1.87,71.9,39.5,32.3,0.85,52127,Callum Wilson - 18,Nick Pope,→ Champions League via league finish,27,38,126,378,33.3,64186,32987,6433,230,87.3,5580,6605,84.5,1523,2774,54.9,42,51.8,45,-9.8,435,493,403,64,1618,22100,1746,15,88,142,740,728,8,106,90,15,71,448,1008,26.53,690,110,62,565,399,12,106,2.79,64,6,15,10,6,5,607,360,6757,9053,6516,307,47.8,426,332,333,940,680,10,52.3,22106,2088,1161,350,44.6,322,41.1,12023,695,228,576,363,13803,1599,19,11,6,2,36,14,22,39,2.05,43.3,15.6,27.7,1.46,19,8,8,3,32,19,13,32,1.68,28.6,23.9,4.7,0.25,27.3,3418,90,100,38,84,263,155,16,185,1.87,68,33,35,0.92,71.9,39.5,32.3,0.85,61,1,0,406,2,5,2,2065,552,56.4,"£ 1,593,000 (€ 1,851,657, $2,024,714)","£ 82,836,000 (€ 96,286,181, $105,285,152)",21%,64,106,58,6,6,67.3,119.1,1.68,1.11,2.79,1.53,2.63,1.89,1.36,3.26,1.77,3.13,0.87,127,94,75.6,14,36.8,2,2,1,50,33.2,0.24,2.2,0.06,714,246,32.2,20.7,64.3,48.5,441,35,7.9,74,1.95,12.4,184,32.6,14.87,4.84,0.1,0.32,15.6,0.12,-7.9,-9.3,2022/2023
4,Liverpool,38,19,10,9,75,47,28,67,1.76,71.5,50.8,20.7,0.55,53163,Mohamed Salah - 19,Alisson,→ Europa League via league finish,28,38,118,285,41.4,82470,41527,9023,215,89.2,8561,9758,87.7,1962,3283,59.8,58,55.6,52.3,2.4,458,569,452,85,1992,28394,1811,7,103,198,799,860,0,56,155,1,84,350,1046,27.53,778,85,56,601,321,19,129,3.39,97,9,7,8,7,1,590,370,8119,13329,7149,281,43.2,455,276,333,923,568,20,60.8,28398,2310,1252,323,46.6,281,40.5,17148,719,234,584,413,19921,1974,19,13,5,1,46,17,29,44,2.32,40.6,20.2,20.4,1.07,19,6,5,8,29,30,-1,23,1.21,30.9,30.5,0.4,0.02,27.4,3420,90,100,38,82,253,164,20,178,1.76,75,47,28,0.74,71.5,50.8,20.7,0.55,57,1,0,405,3,4,2,2211,482,51.4,"£ 3,115,000 (€ 3,620,786, $3,959,187)","£ 161,980,000 (€ 188,280,884, $205,877,743)",29%,71,129,69,2,4,68.4,124.1,1.87,1.53,3.39,1.82,3.34,1.88,1.46,3.35,1.8,3.26,1.24,157,111,71.3,14,36.8,2,1,1,33.3,54.1,0.33,9.1,0.24,1258,217,18.4,24.3,24.7,29.9,400,23,5.8,89,2.34,9,203,33.8,15.82,5.34,0.11,0.34,16.2,0.12,-0.5,0.6,2022/2023
19,Brighton,38,18,8,12,72,53,19,62,1.63,73.3,50.2,23.1,0.61,31477,Alexis Mac Allister - 10,Robert Sánchez,→ Europa League via league finish,29,38,94,279,33.7,83718,43965,9346,247,90.7,7892,8919,88.5,1463,2462,59.4,46,52.2,44.7,-6.2,480,547,391,78,1849,26722,1709,12,81,130,694,693,6,102,88,2,70,392,1075,28.29,819,73,81,607,407,12,115,3.03,83,3,13,9,6,1,616,340,7844,12213,6873,266,47.4,387,288,303,919,432,15,60.2,26728,2471,1102,345,47.5,279,38.4,16331,809,250,558,324,18991,1828,19,10,4,5,37,21,16,34,1.79,40.7,22.6,18.1,0.95,19,8,4,7,35,32,3,28,1.47,32.6,27.5,5,0.27,26.3,3420,90,100,38,83,277,143,19,199,1.63,72,53,19,0.5,73.3,50.2,23.1,0.61,58,0,0,427,4,8,6,2013,444,53.4,"£ 738,000 (€ 857,830, $938,003)","£ 38,376,000 (€ 44,607,160, $48,776,174)",69%,68,114,62,6,6,68.9,121.2,1.79,1.21,3,1.63,2.84,1.93,1.37,3.3,1.81,3.19,1.39,131,82,64.1,12,31.6,6,2,0,25,42.7,0.27,-4.3,-0.11,1067,151,21.4,28.9,20.6,23.2,355,27,7.6,32,0.84,12.3,219,36.1,15.97,5.76,0.1,0.28,16.8,0.12,-5.3,-6.9,2022/2023
7,Aston Villa,38,18,7,13,51,46,5,61,1.61,50.3,52.5,-2.2,-0.06,41679,Ollie Watkins - 15,Emiliano Martínez,→ Europa Conference League via league finish,26,38,214,585,36.6,65580,33150,6111,265,88,5979,6934,86.2,1345,2579,52.2,35,38.8,31.6,-3.8,318,434,268,80,1242,21495,1794,18,54,101,561,684,9,97,19,4,58,438,751,19.76,565,50,48,427,498,10,84,2.21,55,2,6,12,6,3,632,338,7912,9077,4705,312,48.1,465,320,324,956,714,14,49.3,21500,2783,746,293,43,279,40.9,12295,637,174,565,371,13587,1227,19,12,2,5,33,21,12,38,2,29.3,23.7,5.7,0.3,19,6,5,8,18,25,-7,23,1.21,20.9,28.8,-7.9,-0.41,27,3420,90,100,38,83,274,144,20,193,1.61,51,46,5,0.13,50.3,52.5,-2.2,-0.06,80,1,0,417,4,6,4,1847,442,48.7,"£ 1,935,000 (€ 2,249,188, $2,459,399)","£ 100,620,000 (€ 116,957,789, $127,888,743)",23%,49,84,46,3,4,47.2,86,1.29,0.92,2.21,1.21,2.13,1.32,1.02,2.34,1.24,2.26,1.21,151,108,72.8,12,31.6,5,1,0,16.7,42.8,0.25,0.8,0.02,1247,153,37,37.6,46.8,38.3,528,65,12.3,76,2,14.2,145,34,11.24,3.82,0.11,0.32,18,0.11,-1.3,-1.2,2022/2023
5,Tottenham,38,18,6,14,70,63,7,60,1.58,57,49.6,7.4,0.2,61585,Harry Kane - 30,Hugo Lloris,,29,38,113,342,33,71290,36842,7333,283,89.6,6707,7682,87.3,1499,2669,56.2,46,43,34,3,386,465,323,104,1449,23830,1655,14,74,165,719,664,7,113,51,0,67,428,910,23.95,692,60,46,512,353,19,116,3.05,84,7,7,9,7,2,619,353,8571,10329,5135,275,47.9,474,280,340,959,762,20,50,23836,2734,842,306,45.9,288,43.2,13679,692,189,521,356,15864,1436,19,12,1,6,37,25,12,37,1.95,31.1,20.5,10.6,0.56,19,6,5,8,33,38,-5,23,1.21,25.9,29.1,-3.2,-0.17,27.6,3420,90,100,38,85,278,140,15,202,1.58,70,63,7,0.18,57,49.6,7.4,0.2,77,3,1,424,5,4,1,1984,549,53.7,"£ 2,102,500 (€ 2,443,885, $2,672,293)","£ 109,330,000 (€ 127,082,044, $138,959,216)",29%,68,114,63,5,6,52.3,95.4,1.79,1.21,3,1.66,2.87,1.5,1.13,2.63,1.38,2.51,1.66,172,109,65.1,10,26.3,3,1,0,25,55.1,0.3,-6.9,-0.18,804,180,31,30.2,32.9,29.5,515,25,4.9,45,1.18,15.2,186,36.3,13.47,4.89,0.12,0.34,16.7,0.1,11,10.7,2022/2023
20,Brentford,38,15,14,9,58,46,12,59,1.55,56.3,48.8,7.5,0.2,17078,Ivan Toney - 20,David Raya,,25,38,347,882,39.3,49018,23993,5142,275,84.1,4475,5602,79.9,1438,2947,48.8,36,38.4,30.5,-2.4,284,300,279,87,1131,19741,1713,14,53,107,661,738,9,83,34,12,72,456,702,18.47,475,99,32,400,399,7,98,2.58,65,8,4,8,11,2,588,338,7290,7803,4835,253,42.2,617,288,341,929,822,14,43.8,19749,2632,827,267,44.5,248,41.3,10409,392,102,520,336,11203,1121,19,10,7,2,35,18,17,37,1.95,32.8,20.9,11.8,0.62,19,5,7,7,23,28,-5,22,1.16,23.5,27.8,-4.4,-0.23,26.2,3420,90,100,38,82,247,171,19,171,1.55,58,46,12,0.32,56.3,48.8,7.5,0.2,57,1,1,354,7,2,3,1959,664,51.8,"£ 618,000 (€ 718,346, $785,482)","£ 32,136,000 (€ 37,353,966, $40,845,084)",75%,56,92,49,7,8,50.1,88.5,1.47,0.95,2.42,1.29,2.24,1.48,1.01,2.49,1.32,2.33,1.21,197,154,77.7,12,31.6,2,0,0,0,48.1,0.24,5.1,0.13,1361,160,50.9,39.5,68.7,51,598,53,8.9,54,1.42,15.7,147,36.8,10.53,3.87,0.12,0.33,15.7,0.13,-0.3,-1.1,2022/2023
13,Fulham,38,15,7,16,55,53,2,52,1.37,46.2,63.6,-17.4,-0.46,23746,Aleksandar Mitrović - 14,Bernd Leno,,29,38,140,438,32,68216,35374,5867,280,86.1,6222,7333,84.8,1551,2860,54.2,33,28.5,23.7,4.5,306,474,284,97,1326,22153,1818,17,20,157,769,795,8,70,69,2,60,455,751,19.76,528,78,29,420,405,15,90,2.37,56,9,5,11,7,2,625,350,7462,9525,5416,299,50.9,550,330,340,965,749,15,48.8,22162,2563,758,281,46.3,238,39.2,12252,663,124,535,379,13848,1316,19,8,5,6,31,29,2,29,1.53,24.3,29.7,-5.4,-0.29,19,7,2,10,24,24,0,23,1.21,21.9,33.9,-12,-0.63,28.2,3420,90,100,38,84,265,152,15,190,1.37,55,53,2,0.05,46.2,63.6,-17.4,-0.46,80,1,0,411,8,8,2,1979,511,48.2,"£ 1,045,000 (€ 1,214,678, $1,328,203)","£ 54,340,000 (€ 63,163,251, $69,066,531)",42%,52,85,47,5,9,39.1,67.7,1.37,0.87,2.24,1.24,2.11,1.22,0.75,1.97,1.03,1.78,1.39,196,144,76.5,9,23.7,7,1,0,12.5,60.1,0.28,9.1,0.24,1176,193,28.4,46,37.1,35,490,36,7.3,48,1.26,14,137,32.6,11.05,3.61,0.11,0.34,17.3,0.1,5.8,7.9,2022/2023
12,Crystal Palace,38,11,12,15,40,49,-9,45,1.18,39.3,48.1,-8.8,-0.23,24952,Eberechi Eze - 10,Vicente Guaita,,26,38,153,446,34.3,60301,30015,6005,273,87,5794,6772,85.6,1309,2751,47.6,29,29,23.8,0,316,393,239,51,1243,21710,1834,23,41,118,591,763,8,84,60,5,58,463,746,19.63,497,67,56,423,479,18,67,1.76,43,6,6,6,4,2,690,421,7668,9275,4991,281,52.8,578,344,359,1049,807,7,46.3,21713,2580,766,367,46.8,314,40.1,11687,556,206,643,457,13304,1238,19,7,7,5,21,23,-2,28,1.47,20.3,23.2,-2.9,-0.15,19,4,5,10,19,26,-7,17,0.89,18.9,24.8,-5.9,-0.31,26.7,3420,90,100,38,84,277,138,17,204,1.18,40,49,-9,-0.24,39.3,48.1,-8.8,-0.23,82,3,2,446,2,4,3,2093,496,46.2,"£ 1,285,000 (€ 1,493,647, $1,633,244)","£ 66,820,000 (€ 77,669,646, $84,928,703)",48%,38,67,37,1,3,36.8,65.8,1,0.76,1.76,0.97,1.74,1.03,0.76,1.8,0.97,1.73,1.29,160,114,71.9,9,23.7,4,0,0,0,44.7,0.26,-1.3,-0.03,930,189,33.7,32.3,48.7,37.6,539,29,5.4,40,1.05,13.1,133,31.4,11.13,3.5,0.09,0.28,17.6,0.09,-1.3,0.2,2022/2023
3,Chelsea,38,11,11,16,38,47,-9,44,1.16,49.5,52.5,-3,-0.08,40002,Kai Havertz - 7,Kepa Arrizabalaga,,32,38,95,290,32.8,83509,43596,9510,248,90.6,7700,8709,88.4,1461,2499,58.5,27,38.6,35.3,-11.6,376,622,370,68,1737,27163,1767,10,58,129,693,722,8,108,70,2,74,466,859,22.61,667,66,42,481,462,11,68,1.79,57,3,2,2,4,0,740,445,8461,12057,6850,333,50.8,453,358,341,1081,661,21,58.7,27166,2564,958,380,45.3,352,42,16538,829,216,568,381,19065,1729,19,6,7,6,20,19,1,25,1.32,27.3,23.7,3.7,0.19,19,5,4,10,18,28,-10,19,1,22.1,28.8,-6.7,-0.35,26.3,3420,90,100,38,81,243,173,22,169,1.16,38,47,-9,-0.24,49.5,52.5,-3,-0.08,81,3,2,397,3,1,3,2024,493,52.1,"£ 3,655,000 (€ 4,248,467, $4,645,531)","£ 190,060,000 (€ 220,920,267, $241,567,629)",16%,37,64,34,3,3,47.2,85.8,0.97,0.71,1.68,0.89,1.61,1.3,1.02,2.32,1.24,2.26,1.24,159,115,71.1,10,26.3,1,0,0,0,47,0.3,3,0.08,1087,198,18.2,27.6,37.1,31.9,460,24,5.2,63,1.66,13.7,151,31.4,12.66,3.97,0.07,0.23,16.8,0.1,-12.5,-13.2,2022/2023
15,Wolves,38,11,8,19,31,58,-27,41,1.08,36.8,59.9,-23,-0.61,31482,"Rúben Neves, Daniel Podence - 6",José Sá,,32,38,130,464,28,67241,35071,6350,283,88.3,6306,7257,86.9,1574,2890,54.5,12,25.4,21,-13.4,294,421,252,71,1343,22536,1657,18,49,149,661,663,6,61,86,2,62,497,713,18.76,520,62,31,409,389,11,44,1.16,32,1,3,6,1,1,660,370,8544,9264,4960,285,46.3,542,322,279,939,817,19,49.9,22539,2921,686,385,49.2,302,38.6,12374,610,142,516,326,14453,1332,19,9,3,7,19,20,-1,30,1.58,21.1,26.5,-5.4,-0.29,19,2,5,12,12,38,-26,11,0.58,15.7,33.3,-17.6,-0.93,26.7,3420,90,100,38,80,248,165,24,175,1.08,31,58,-27,-0.71,36.8,59.9,-23,-0.61,85,6,1,463,1,4,1,2052,465,46.2,"£ 1,003,500 (€ 1,166,440, $1,275,456)","£ 52,182,000 (€ 60,654,855, $66,323,698)",59%,28,40,25,3,3,34.5,60,0.74,0.32,1.05,0.66,0.97,0.97,0.67,1.64,0.91,1.58,1.53,174,115,67.8,11,28.9,2,2,0,50,52.2,0.28,-4.8,-0.13,992,196,29.8,32.9,59.4,45.1,577,48,8.3,29,0.76,8,119,29.1,10.76,3.13,0.06,0.21,18,0.09,-8.8,-9.5,2022/2023
10,West Ham,38,11,7,20,42,55,-13,40,1.05,49.2,53,-3.9,-0.1,62462,"Saïd Benrahma, Jarrod Bowen - 6",Łukasz Fabiański,,25,38,212,553,38.3,57451,28247,5883,302,86.8,4784,5831,82,1383,2753,50.2,25,32.7,26.8,-7.7,340,413,212,80,1274,20403,1670,13,41,162,768,722,4,129,57,1,62,415,817,21.5,586,81,40,466,316,15,67,1.76,41,6,6,8,6,0,608,336,6898,8704,4993,270,48,587,276,408,1016,810,10,42.1,20411,2362,756,250,40.7,266,43.3,10540,615,166,458,357,12256,1266,19,8,4,7,26,24,2,28,1.47,27.3,24.5,2.8,0.15,19,3,3,13,16,31,-15,12,0.63,21.8,28.5,-6.7,-0.35,28.2,3420,90,100,38,84,286,132,20,204,1.05,42,55,-13,-0.34,49.2,53,-3.9,-0.1,44,0,0,362,6,6,1,2023,620,51.4,"£ 1,585,000 (€ 1,842,358, $2,014,546)","£ 82,420,000 (€ 95,802,637, $104,756,412)",17%,41,66,35,6,8,43.7,76.4,1.08,0.66,1.74,0.92,1.58,1.29,0.86,2.15,1.15,2.01,1.45,170,115,70,9,23.7,4,1,1,20,53.2,0.29,-0.8,-0.02,715,167,54.7,33.4,53.6,40.8,560,31,5.5,26,0.68,10.3,133,28.5,12.26,3.5,0.08,0.26,17.3,0.1,-8.2,-8.7,2022/2023
18,Bournemouth,38,11,6,21,37,71,-34,39,1.03,38.5,63.8,-25.3,-0.67,10362,Philip Billing - 7,Neto,,31,38,231,591,39.1,55360,27431,5412,353,86.2,4751,5644,84.2,1192,2491,47.9,24,28.4,26.3,-4.4,261,389,237,75,1006,19950,1736,14,48,87,509,706,16,88,25,9,38,499,616,16.21,444,45,53,358,365,7,64,1.68,44,5,4,8,2,1,618,371,8004,7933,4256,256,41.7,539,329,353,971,1027,11,40.4,19950,2934,699,329,44.3,344,46.3,10340,504,144,589,367,11617,986,19,6,4,9,20,28,-8,22,1.16,22.1,28.4,-6.3,-0.33,19,5,2,12,17,43,-26,17,0.89,16.3,35.3,-19,-1,26.3,3420,90,100,38,84,279,141,19,201,1.03,37,71,-34,-0.89,38.5,63.8,-25.3,-0.67,68,0,0,391,0,7,3,1942,521,49.2,"£ 739,000 (€ 858,992, $939,274)","£ 38,428,000 (€ 44,667,602, $48,842,265)",55%,37,61,37,0,0,38.5,66.9,0.97,0.63,1.61,0.97,1.61,1.01,0.75,1.76,1.01,1.76,1.87,204,136,68.1,8,21.1,6,0,1,0,63.6,0.29,-4.4,-0.11,847,190,44,31.9,61.8,44.1,739,40,5.4,30,0.79,10.5,126,35.2,9.42,3.32,0.1,0.29,15.5,0.11,-1.5,-1.5,2022/2023
14,Nott'ham Forest,38,9,11,18,38,68,-30,38,1,39.3,64.2,-24.9,-0.66,29188,Taiwo Awoniyi - 10,Dean Henderson,,33,38,237,712,33.3,46411,24020,4046,338,81.7,4071,5126,79.4,1187,2708,43.8,22,26.3,20.5,-4.3,246,308,172,50,859,17905,1738,9,31,66,530,720,9,65,53,1,67,500,593,15.61,416,59,31,362,390,13,54,1.42,31,5,4,11,3,0,659,387,7420,6953,3755,296,50.3,600,344,349,1008,944,7,37.6,17911,2715,611,260,45.3,234,40.8,8674,436,111,537,275,9452,847,19,8,6,5,27,24,3,30,1.58,23.3,30.5,-7.2,-0.38,19,1,5,13,11,44,-33,8,0.42,16,33.7,-17.7,-0.93,26.5,3420,90,100,38,82,261,159,21,183,1,38,68,-30,-0.79,39.3,64.2,-24.9,-0.66,84,0,0,445,3,9,0,1902,560,48.3,"£ 1,027,500 (€ 1,194,336, $1,305,960)","£ 53,430,000 (€ 62,105,496, $67,909,914)",65%,36,58,33,3,6,34.6,61,0.95,0.58,1.53,0.87,1.45,1.03,0.69,1.73,0.91,1.6,1.79,182,112,65.9,8,21.1,6,2,1,25,60.1,0.3,-7.9,-0.21,957,185,51,43.2,66.3,47.5,621,35,5.6,38,1,17,111,30.7,9.53,2.92,0.09,0.3,17.2,0.1,-3.3,-1.6,2022/2023
8,Everton,38,8,12,18,34,57,-23,36,0.95,45.2,65.5,-20.4,-0.54,39243,Dwight McNeil - 7,Jordan Pickford,,28,38,274,814,33.7,56737,27858,5336,325,86.4,4771,5750,83,1366,2947,46.4,24,32.4,26.9,-8.4,308,391,224,67,1052,20229,1735,12,39,93,704,707,4,138,28,0,64,510,735,19.34,493,84,39,426,382,20,59,1.55,41,5,5,2,4,2,708,424,7219,8418,4830,309,49.9,613,330,390,1098,874,17,42.8,20233,2527,742,310,46,296,43.9,10479,500,137,605,300,11708,1042,19,6,3,10,16,27,-11,21,1.11,23.4,26.7,-3.3,-0.17,19,2,9,8,18,30,-12,15,0.79,21.7,38.8,-17.1,-0.9,26.6,3420,90,100,38,84,300,116,20,225,0.95,34,57,-23,-0.61,45.2,65.5,-20.4,-0.54,81,2,1,396,3,6,0,2049,582,48.7,"£ 1,631,000 (€ 1,895,827, $2,073,013)","£ 84,812,000 (€ 98,583,027, $107,796,661)",45%,32,56,29,3,3,42.8,75.1,0.84,0.63,1.47,0.76,1.39,1.19,0.85,2.04,1.13,1.98,1.5,185,127,71.9,9,23.7,5,1,0,16.7,60.4,0.3,3.4,0.09,1012,156,57.7,34.9,70.8,52.4,589,23,3.9,52,1.37,5,143,33.6,11.21,3.76,0.07,0.2,16.8,0.1,-13.2,-13.8,2022/2023
11,Leicester City,38,9,7,22,51,68,-17,34,0.89,50.5,63.3,-12.8,-0.34,31887,Harvey Barnes - 13,Danny Ward,Relegated,28,38,132,497,26.6,63356,31619,7245,311,88.1,6087,7165,85,1165,2422,48.1,36,38.4,26.3,-2.4,319,363,220,52,1304,23118,1739,14,76,93,496,724,8,70,41,6,83,517,744,19.58,540,52,50,412,397,14,87,2.29,59,2,8,8,7,3,699,412,8409,10293,4641,308,45.5,558,347,367,1066,777,12,47.7,23124,2681,688,294,47.2,245,39.3,12503,580,175,548,313,14797,1294,19,5,4,10,23,27,-4,19,1,21.3,26.3,-5,-0.26,19,4,3,12,28,41,-13,15,0.79,29.2,36.9,-7.8,-0.41,26.1,3420,90,100,38,82,278,138,23,203,0.89,51,68,-17,-0.45,50.5,63.3,-12.8,-0.34,63,2,2,410,5,5,5,2013,512,47.9,"£ 1,515,000 (€ 1,760,992, $1,925,576)","£ 78,780,000 (€ 91,571,604, $100,129,945)",31%,49,85,46,3,6,45.7,84.1,1.29,0.95,2.24,1.21,2.16,1.33,1.01,2.34,1.2,2.21,1.79,178,113,64,7,18.4,4,1,0,20,55.4,0.29,-7.6,-0.2,1004,203,34.5,37.2,48.6,38.6,558,36,6.5,48,1.26,10.3,142,34.5,10.84,3.74,0.11,0.32,17.7,0.11,-1.5,0.3,2022/2023
17,Leeds United,38,7,10,21,48,78,-30,31,0.82,47.3,67.1,-19.8,-0.52,36566,Rodrigo - 13,Illan Meslier,Relegated,29,38,124,520,23.8,55027,27060,6115,275,84.6,4782,5973,80.1,1072,2528,42.4,31,31.8,27.3,-0.8,337,379,270,70,1429,21639,1911,19,41,87,653,837,7,93,68,4,60,536,783,20.61,535,99,32,459,405,15,69,1.82,43,7,4,9,3,3,840,480,6971,9290,5587,412,47.7,607,405,392,1232,734,18,47,21642,2125,796,268,39,328,47.7,11342,555,146,602,421,12329,1418,19,5,7,7,26,37,-11,22,1.16,25.2,32.7,-7.5,-0.4,19,2,3,14,22,41,-19,9,0.47,22.1,34.4,-12.2,-0.64,25.3,3420,90,100,38,82,260,157,21,185,0.82,48,78,-30,-0.79,47.3,67.1,-19.8,-0.52,89,3,2,467,2,6,1,2206,586,49.1,"£ 949,500 (€ 1,103,672, $1,206,821)","£ 49,374,000 (€ 57,390,918, $62,754,708)",70%,45,76,44,1,3,44.9,76.7,1.18,0.82,2,1.16,1.97,1.24,0.84,2.08,1.18,2.02,2.05,185,108,60.5,5,13.2,5,0,1,0,64.1,0.32,-12.9,-0.34,883,214,40.8,41.1,58.2,44.1,475,36,7.6,69,1.82,11.6,141,30.7,12.08,3.71,0.1,0.31,16.6,0.1,-2.3,-0.9,2022/2023
16,Southampton,38,6,7,25,36,73,-37,25,0.66,37.8,60.9,-23.1,-0.61,30440,James Ward-Prowse - 9,Gavin Bazunu,Relegated,36,38,234,742,31.5,61002,29821,5972,303,86.2,4830,5823,82.9,1170,2625,44.6,25,28.1,26,-3.1,302,452,239,71,1125,21090,1749,17,38,87,613,752,8,63,65,2,57,542,718,18.89,493,77,46,413,378,13,61,1.61,35,5,7,5,6,3,714,426,7453,8997,4879,297,48.5,611,377,427,1141,852,11,44.5,21094,2639,712,362,47.6,318,41.8,11323,588,131,567,401,12216,1112,19,2,5,12,19,37,-18,11,0.58,20.5,29.8,-9.3,-0.49,19,4,2,13,17,36,-19,14,0.74,17.3,31.1,-13.8,-0.73,24.7,3420,90,100,38,81,243,175,22,167,0.66,36,73,-37,-0.97,37.8,60.9,-23.1,-0.61,73,0,0,430,3,3,5,2130,551,47.4,"£ 953,000 (€ 1,107,740, $1,211,270)","£ 49,556,000 (€ 57,602,471, $62,986,030)",58%,36,61,34,2,4,34.6,62.7,0.95,0.66,1.61,0.89,1.55,0.99,0.74,1.73,0.91,1.65,1.92,150,81,52.7,4,10.5,2,1,0,33.3,46.3,0.29,-21.7,-0.57,1115,173,50.5,36.5,59.1,44.9,548,42,7.7,55,1.45,13.5,132,32,10.87,3.47,0.08,0.26,18.1,0.09,-1.8,-0.6,2022/2023
